CAGR,vol,Sharpe
0.0683936955264941,0.16816191323386573,0.4786775591706051
0.08229740919248862,0.17248930921401426,0.5463963208368496
0.08320003311153323,0.1708397627467307,0.5548162665986363
0.07952221855050334,0.17057221835893832,0.5355402214470003
0.06187637893753006,0.17357327835829378,0.43394297030376217
0.08406510658364685,0.17613669727282552,0.5480019815083671
0.088806480733715,0.16890022367954974,0.5906566564270849
0.06230488794073308,0.17618652216542685,0.43250901144062376
0.07474213459179513,0.1716876394380839,0.5068821573890504
0.07153808365397074,0.1718465789054359,0.4893390284192797
0.06991343942989792,0.1714180586080265,0.48183218055125554
0.07544009145610353,0.17209324824457486,0.5102888535506261
0.08093666637588748,0.17328548026819998,0.5369449654105545
0.0779553022091739,0.1671918701300355,0.5346185476078048
0.07563401772565403,0.16682517056720433,0.5217684019178939
0.07409570834185075,0.17526696625821184,0.49713785345608136
0.07359035847192463,0.1713355462613196,0.5024159070494831
0.07532498861613424,0.1695185384704987,0.5146372216377928
0.08070664108617853,0.16695313865537914,0.5501048200891563
0.07511437754536465,0.17087592032516552,0.5117101288241568
0.0754731241250679,0.17367842242133882,0.5072071282538065
0.060361004692166764,0.1712830387791873,0.42907973232769486
0.0782573016491328,0.17670343887163364,0.5176389454295737
0.0658518654515694,0.17168923606294456,0.4590626203168566
0.07338022682122447,0.1684665226687644,0.506770004600184
0.07802560058366392,0.17540840760126974,0.5173602822265734
0.08192884443027704,0.171079517497681,0.5473104217451875
0.07159138256010555,0.1705202455832311,0.49205990279783934
0.06125663965288597,0.17609346417876262,0.42740680158491967
0.07345272624395771,0.17325974235800004,0.4971582743990891
0.07545451568171013,0.16693074794661095,0.5204924782404938
0.0774842811323444,0.17311964020216872,0.5197670959530793
0.07682008976107357,0.1755583934685009,0.5109855636316804
0.08559105163208813,0.17529807040980053,0.5577633356526813
0.06552306409114528,0.16818214139591106,0.4626764872199328
0.07272661161574723,0.17364857082333407,0.49293183479857644
0.07818909479127467,0.17546984923064582,0.51834300914341
0.08659983910242497,0.17302695702356988,0.568288410953411
0.08279974599784157,0.17482569044620952,0.5443865601207023
0.06368393466170175,0.16994858949881522,0.449742392639393
0.07148787602563278,0.17723824022669135,0.4796608072675021
0.06912347598983848,0.1691521630434512,0.48197286364124997
0.06937127545172861,0.17016016074150278,0.4805189691259149
0.08330560909163909,0.17258275734347417,0.5518812629982791
0.08649913430125977,0.17225226370053706,0.5693392892876106
0.07908166129702598,0.17570813691079476,0.5233604982161276
0.08318744394587796,0.174495322992316,0.5464151141171204
0.07768330549671898,0.1726116656810029,0.5214408214590066
0.07634995933216349,0.16966330757874212,0.5199506546963965
0.08472687911241983,0.17145904819810134,0.5620471747941325
0.07359572510308343,0.17339678761502422,0.49750776243200534
0.07024352155685687,0.17042386956803718,0.4845168843023292
0.07772026455488845,0.17344042490728598,0.5197233066655133
0.08009788593073242,0.17106136778307093,0.5376540395532217
0.07859499857325813,0.1713382144082281,0.5291084314690966
0.0673903429588989,0.17093166858710995,0.46811790172244466
0.07289289058020065,0.17152378331373472,0.4980698295715494
0.07102097905985127,0.1698412335992546,0.49001972802973076
0.06885041965258987,0.16692413222954924,0.4835027553411292
0.06640527896354476,0.1709965795933541,0.46299996504111784
0.08516050401239084,0.1740576208373609,0.5590500864213267
0.06587719514993862,0.17312903948758246,0.45680465281577703
0.07273077620430568,0.1703177216123691,0.4986825982321144
0.07728723113805214,0.17144293772266467,0.5216057695470185
0.07902482463882632,0.1767360179379199,0.5204929974270315
0.08196077092957599,0.16993915249322644,0.5507592652872253
0.06734292262543828,0.17642413937573576,0.4584871467076915
0.07436846246690432,0.17102225011536087,0.5061550267579021
0.07421532030902811,0.17045172177812087,0.5065391639315278
0.0711226182047231,0.17173750146935055,0.48764094463351165
0.08098511592550506,0.16946218033062616,0.546011265035166
0.0719545909540662,0.17938759902173793,0.47838427438726394
0.06567144351220056,0.16993753385608443,0.4607455167897476
0.07683238284560501,0.17211030815485573,0.5184659984229533
0.07801776670613947,0.17202173719460187,0.5244351929130218
0.06913439424526957,0.17347316099810872,0.4739281107476669
0.06047020923358426,0.17400457853351375,0.42625867364059916
0.07831300811528386,0.17166386720225918,0.5268302863247362
0.06713460616054934,0.1758624338759455,0.4583760971876185
0.07768682756009149,0.16803826532708757,0.530996767136705
0.07402022427605415,0.1714476223533504,0.5041843702478863
0.06606637801229498,0.1756550606535759,0.453467404993509
0.07834908800834306,0.18008297339874205,0.5101604040162288
0.08290067938240742,0.17126081035327953,0.5530340137713239
0.07013937146454907,0.178654174711631,0.47023905661390153
0.07819782455155377,0.1747145892594985,0.520330213412463
0.06353083768336099,0.1758626168012645,0.4393914367815261
0.09179049929899108,0.1765803944198498,0.5874405496570041
0.0791169273558674,0.17260963689366896,0.5288515190917829
0.07718666987522349,0.17247967177651236,0.5188034846387499
0.07407365909086461,0.17369028925223598,0.500703895599524
0.06767187471567615,0.17052588139128738,0.47080723412675446
0.07217643281173958,0.17337028324214324,0.48967857457226427
0.06829884488681182,0.17474055773120947,0.46722563107474646
0.07399170428095592,0.17325284919077896,0.5007524296184127
0.07878506668904017,0.17508032405257387,0.5218187101372804
0.08765885481479141,0.1744249044384349,0.5715797355551164
0.06410713166102089,0.17356206063140797,0.44622071622146536
0.07685979025466194,0.17378009256158014,0.5148823772896071
0.07548803129170478,0.17459485242230147,0.5060289835646756
0.06972513703539795,0.17611111966992193,0.4721200812000483
0.07419650919165433,0.1702883881164156,0.506870992695783
0.07369442651965019,0.17484722679864734,0.4953756338324793
0.07622137677833618,0.1732173908819697,0.5133475764075394
0.07547784480777242,0.1670243284662783,0.5208151003755339
0.06900703279717035,0.1734491284093866,0.47300904048684717
0.07531610142537914,0.17392577243303814,0.5060937017484362
0.06992644215559052,0.16577478205241278,0.49187769041460444
0.07703256785705315,0.17788154441270213,0.506902261724718
0.06993865002384725,0.1728538759098053,0.47897381506366316
0.08828040211687038,0.17172170313619498,0.5803811787967565
0.0847563577059669,0.17651238721168866,0.5511120137305345
0.07972315326607293,0.17330490654915617,0.5309264674010907
0.07285433229042027,0.17516768922128298,0.4902134725262561
0.07752447167997945,0.16927596079871535,0.5272406968266643
0.07155045978627039,0.17260146120335274,0.4881942590732262
0.07635864910820511,0.17441838024088285,0.5104838119470396
0.0791054227526573,0.17293870949918005,0.5288325681596409
0.07835770282228549,0.17227160387103746,0.5254495975049936
0.07930838662983763,0.1724171791573976,0.5314521883316246
0.06432750315945657,0.1691482918198406,0.4549570321692003
0.08814790555235863,0.16874939258116742,0.5867962148261934
0.06919334442315295,0.17268834422608553,0.47549158687175413
0.06848076898109334,0.17201407115595066,0.4722680921226842
0.08376225220812827,0.1737045183902783,0.5523302425471471
0.070011207932833,0.16722109372541002,0.4901723590300279
0.05218330101295887,0.17346746345793979,0.3810762649053141
0.07613283556677142,0.1752633288865004,0.5073103598913403
0.07273970934949037,0.17575906322929144,0.48901423233001584
0.07591944656105154,0.1726755739309101,0.51148342331273
0.06784147415775621,0.16912246909467898,0.4740954003612391
0.0624602044082625,0.17324899755506792,0.4379762850288405
0.07690738767598959,0.16800582370114825,0.527295161370118
0.06505257734196768,0.17497241898033547,0.44958359758514943
0.06590156916981993,0.17439873808176473,0.4549168760344083
0.08092619977967308,0.16979880534266825,0.5444023239318634
0.07314386112898408,0.17292491787280173,0.4963143779040159
0.059634178298622276,0.1750178927572138,0.41943190960886095
0.07835831191896103,0.16940644002439273,0.5314211795201117
0.06814571614995879,0.17340640465450805,0.4691177125801786
0.07345995646195203,0.1751905040825159,0.4939520889676942
0.05911613515531933,0.17390076103933022,0.41880142506688856
0.07392569553600103,0.17541264204832757,0.4954976901019083
0.0727174235246153,0.17016097351873916,0.4992696097597213
0.06775164872344885,0.17168210039016757,0.46876754101051654
0.061201343778809036,0.17061180766937298,0.4348458312029622
0.07824950017732912,0.17125602746004648,0.5274632161505087
0.0616110465754105,0.17642692457952244,0.4276772792990837
0.06497658190386146,0.17080809069100514,0.4561237393871168
0.08045919778487964,0.16705968897395274,0.5485915274040898
0.06791970034467631,0.17254330832784964,0.4685177011779459
0.06485575507886554,0.17448582452172282,0.4486158688678989
0.0682331014144737,0.17218545930096124,0.47105375360724566
0.07742143468030349,0.17371917072671333,0.5174905620973941
0.06656696074731028,0.167164080660078,0.4704987496459862
0.0777221677051596,0.1689588917302711,0.529588297778153
0.07736040123039722,0.1737560000817177,0.5177393242868865
0.0672707683912861,0.17521415568036286,0.4609380612040143
0.09116271048234492,0.17297043689291886,0.5923426618755838
0.06609318225051997,0.17368425468183263,0.45714080455092787
0.08129633090814692,0.17530393159088511,0.5348345269798119
0.07880049344149342,0.17663993934371489,0.5192355896352348
0.07733751609248429,0.17366989355865423,0.5174191601584099
0.08284735605490523,0.1693634984526736,0.5561160318687026
0.0711776986902124,0.17475072711647163,0.4821878470546176
0.06550971184064935,0.17182111836839123,0.4560856079737826
0.07676777301960303,0.17437095554860632,0.5133028484352086
0.07420219468297695,0.1823109990461471,0.48500295867712545
0.07219010170934559,0.17103510141158587,0.4945271513064042
0.06566151580949642,0.16945536061535482,0.4609732302565101
0.08376006929610491,0.17513420216642978,0.5480661729480936
0.07369119194419871,0.168124382127121,0.5082588359149608
0.07913823498294636,0.17278695078455494,0.5292992893927208
0.07061552375275815,0.16899957064287954,0.4899167022360652
0.07260396309222239,0.17303195822710538,0.4929070367394002
0.08209922723861673,0.17535052340593194,0.5391837517831722
0.0539073463880515,0.1712646505361881,0.3938951366128427
0.08566133713012758,0.1747565226945842,0.5592614264905933
0.07606860336258126,0.17552995428058807,0.5071616062918148
0.06671134546457824,0.17361104379120817,0.45966216397410614
0.07639585027056905,0.16848497104848104,0.5228342926204158
0.07908956752053808,0.17428960175240713,0.525594898972822
0.05797662830287176,0.17274556281430603,0.41468014014149635
0.08351866211624337,0.17846591903784276,0.5404532063525951
0.06236784085233227,0.16824533606083836,0.4454165983938463
0.06600953236051099,0.17840867808628916,0.44872702776522955
0.07440004713975057,0.17496452759851522,0.4987549748741985
0.06611235806326721,0.17266162113515443,0.45827332170227336
0.07883271080276488,0.17405013985950984,0.52493604894809
0.08101013369625387,0.17372234333160147,0.5374909536413777
0.07886335461110372,0.1673824106782998,0.5387969640286326
0.08081359422508871,0.16722245745590633,0.5496534115290925
0.07755959926622391,0.1683807789057798,0.5287027051436227
0.07099894508378868,0.17088439130591287,0.48940272263341417
0.06611664592892574,0.17140856271066937,0.46003688956215216
0.07112008020703886,0.1714626182988861,0.4881974686463509
0.06947999449342279,0.1770795062208931,0.4706931965103449
0.07578917638134697,0.16932216911001,0.5178506467107595
0.07216407339419728,0.17577883433231772,0.4856427984497765
0.07479269043652481,0.1704855045334219,0.5105544273196541
0.07950030329176361,0.17278787235253132,0.5305306258259143
0.05386797393360898,0.17000919202331163,0.39503443025148105
0.07628836247689441,0.1744575077387506,0.5096299763874803
0.0797029142547303,0.17555640276181328,0.5267201106035067
0.06196500758007506,0.17695629388951237,0.43014656044597305
0.08457451182915654,0.1735813300921618,0.5564575692476461
0.08134182998094985,0.17212146030058148,0.5425672316057727
0.07531567834393527,0.1728680717630887,0.5080148791383283
0.07218019495193495,0.17269668436637933,0.49132099555331643
0.07834293266609937,0.17104049964287157,0.5286022281746134
0.07873531273781675,0.17472669846287187,0.5231734411499734
0.08154350447919212,0.17333814367822442,0.540357356379686
0.06637240459576943,0.1748265650611853,0.4567459313593064
0.06235051496753541,0.17244734636977513,0.4384674057832879
0.0892057012762284,0.17105365476949497,0.5864359251861639
0.06829944735954618,0.16890992219504242,0.4764186532046676
0.07181081788658239,0.1718642492185672,0.49123365911957767
0.08192700918077511,0.17001903739566657,0.550231805139483
0.06461919008348893,0.17643269841088083,0.4447610848793572
0.06717259384646601,0.1729119024349131,0.4640623069310035
0.07453334111864618,0.17832490045478322,0.494262376887646
0.08033400018138481,0.17437592211859226,0.5317103715143328
0.07366349281642126,0.1726046368452882,0.5007602778511081
0.06268550246570159,0.17323782866514556,0.4388051001866614
0.06612197710656065,0.17146475556777144,0.46011827068854083
0.05965659237374532,0.17107615217140212,0.4266966881153472
0.0866742356317396,0.1717849868129755,0.5720669137758649
0.07136538521205749,0.17597071635131784,0.48064748746640307
0.08099814405736061,0.16721823581774087,0.5512116714418064
0.0763024515600399,0.17308769787081263,0.5130248638376356
0.08170129647714797,0.17039396755229774,0.5480902549519203
0.0756793092095005,0.16945023413274232,0.5165283112836248
0.08226862270093904,0.17291976535317433,0.5450976744651151
0.06813625099102993,0.16988074093466665,0.47445402084160687
0.08817899592674139,0.1730920466949485,0.5765461464905126
0.0695776289129435,0.17538333680739798,0.4723846677591829
0.0740759917713647,0.16806531216049256,0.5109964639828394
0.07155314658014267,0.1738357609522081,0.4859498205937826
0.06630423394009166,0.17310183895424552,0.4589595911069231
0.0644610084379964,0.17465272039202281,0.44732677831035933
0.06511309791747899,0.17304966582231018,0.45226889346489535
0.059040155692918095,0.17293799047025513,0.4194591149678496
0.06752974754982466,0.17072987025623731,0.46934563640547944
0.07974275344871251,0.1742864160539153,0.5289894009228809
0.08190645088160498,0.16966377354794487,0.5510685548018894
0.07089429879990528,0.17203875086309856,0.485417756534037
0.0705183802763556,0.1716658299050674,0.4847925821267946
0.06313732150244067,0.17479018449081352,0.4393077100154878
0.06449105643569131,0.17444090064061507,0.44708675954642174
0.07281665684916128,0.17613402550966833,0.48907314596787493
0.0791789722318803,0.17267932645160425,0.5290868512467172
0.0660493291668307,0.172612295096319,0.45816780435444276
0.06580134045973551,0.1749594361412681,0.45402873987258563
0.07563877805273345,0.1734234070500116,0.5085238795930366
0.0778237030711435,0.17726569759352742,0.5126915704851276
0.08164779135347633,0.1724233090723241,0.5429815111587107
0.06317743925016317,0.16931176297586537,0.44767125966751525
0.06923602282037566,0.16904125880251927,0.48143449012401085
0.08027505133980006,0.17224141933810969,0.5356740296444622
0.07810373876003163,0.1718089219078641,0.5256521804638775
0.0728872728660046,0.1749062148791495,0.4911065270945389
0.06781478922744122,0.16995776346992106,0.4720360597668721
0.09373546527537857,0.1727146191486033,0.6070075808460129
0.06075896262764702,0.17297545893352967,0.42877681262557077
0.07788969203658658,0.1722295394938913,0.5231658203378955
0.07102250079011485,0.1736969961709646,0.48329657311671675
0.07900596927311732,0.16956314774005066,0.534487275472615
0.07283139159778029,0.17318229459652545,0.4934510149889793
0.07961080739668547,0.1723679224997659,0.5325233872264084
0.0821347087301918,0.17500803509056304,0.5403712397147172
0.074588405657525,0.17076655165698298,0.5081341440978021
0.06147568841045126,0.17955306938762763,0.42353421080924736
0.08191829153509556,0.17297208887482013,0.5433725602016527
0.06686994756853148,0.1719283383463485,0.46433173454249144
0.0729923972031008,0.17132011163462924,0.4985444238212065
0.07802904857826198,0.16785979507012466,0.5334412884577221
0.08185988536936462,0.17168704145697275,0.546113160606396
0.08161485202355179,0.17309826385206487,0.5415269269232834
0.0763897945480927,0.1700834340844972,0.5195283320429273
0.06582794551966287,0.17136073955836853,0.4594715090903572
0.07286088663177126,0.17740092357690157,0.4863235200481899
0.08246126334801329,0.1722873948055416,0.5482855615082174
0.07176619225279257,0.1709083034245668,0.4924000387184967
0.08119799925583648,0.17273611237911016,0.5404565631038475
0.07697738748702809,0.16939965762840992,0.5242478711900166
0.06668223684267094,0.17073644362714985,0.4653280174127893
0.07193338815853512,0.16596403667351287,0.5028979854393213
0.07834448638597813,0.16897727411772823,0.5327289053693609
0.06921250057166306,0.16893866370367253,0.481795059690681
0.0667484558896505,0.1705910192974521,0.4653662892344752
0.08379471587109277,0.17271702234161368,0.5544285310929874
0.06691854877106396,0.17010267728665582,0.4666411220062619
0.0882300311022528,0.17165628047988032,0.5806093228699923
0.08169023692114807,0.17223601338871874,0.5433625770133128
0.07865309945187726,0.1709299176204434,0.5300801421817286
0.08714575297556526,0.1683401710141017,0.5824790844503976
0.07330249125698951,0.171379963903242,0.5001756331463717
0.07127398550302333,0.16984512820655623,0.49220844934872704
0.08484079951347923,0.1698838023001549,0.5658291427325433
0.07328913104122026,0.17219568574054744,0.49926870338078466
0.08089621078148457,0.17384228586056813,0.5355186041966324
0.06914277688566428,0.17304658406263995,0.47417930463111774
0.07433586844639462,0.17412710733480202,0.5006537244295134
0.07741874649693004,0.17278892332265713,0.5191130837513637
0.07952853141894334,0.17602147621308753,0.524998158967807
0.07542598679062618,0.17207305649440213,0.5104361546637483
0.06831784608592928,0.17731730626519177,0.4629033064555766
0.061668011106787324,0.17205801081505687,0.43536805448754595
0.06174484164439509,0.17099266129986584,0.4371026844580308
0.0701846431765385,0.1730128843789624,0.47985378288103636
0.07530912791656763,0.17327316762772577,0.5074243199694136
0.077944340611664,0.17748453053281266,0.5132237447527337
0.07263351348923641,0.1727619141698858,0.49381587322165915
0.07263092853922748,0.17283953204130298,0.4933485964453532
0.08028814696310715,0.17058319153983711,0.5391317312501546
0.08584427611613821,0.16809705489540322,0.5759368153824854
0.06341721406429857,0.17001885497092195,0.4488742134666576
0.06859463804105093,0.17402716715970284,0.46991749622776063
0.08042537651232862,0.17218863008742427,0.5375024701416097
0.06724113625842176,0.1681752147974957,0.4727963474611235
0.07043208973366522,0.17139306575775784,0.4844160572338149
0.08569711050135753,0.17342511216090245,0.5624738647891647
0.06957536271152143,0.17123390170833164,0.4795302401298205
0.07562237226952395,0.1719700016637915,0.5122624591115844
0.06699058002839409,0.17024359431962113,0.46719687879285093
0.07983169887325015,0.1700184422994497,0.538418576410366
0.08943404952519507,0.1692555837670872,0.5920169155680729
0.07788249805060188,0.1736407798857594,0.5205463913203152
0.08726029460700602,0.1714535031058718,0.5757428305631475
0.08741395665342822,0.1662237434910949,0.589349915493034
0.07103986966166875,0.177151393380883,0.47725523442033113
0.07889147163164112,0.1730094810426303,0.5266883436890092
0.07637972394322201,0.16995192803975281,0.5192724952653005
0.08101205062262196,0.17172530650791884,0.5408542054226873
0.06812750462033867,0.17563939152875993,0.46420806065963505
0.0621825154848632,0.1704597298716493,0.440645587488517
0.08967635189008738,0.17339842053413926,0.5840569116507229
0.06676135032517405,0.1736293107860154,0.4605187038089698
0.07004872879364954,0.17430424342490344,0.47820929470801304
0.07300766324519481,0.1715433589397904,0.4980564471749912
0.06965039917524818,0.17290809087436487,0.47808410929949946
0.06039553931419639,0.16837186505836163,0.43430089630759133
0.07470962857166175,0.1713265130243044,0.5082865960273658
0.06794598742156199,0.17342057278336484,0.4675437526194304
0.07218906370124079,0.17306712760326146,0.4913676597603328
0.07477290275139503,0.17351187300686055,0.5035594903330775
0.0807873296209154,0.1733006826397158,0.5365758839286241
0.08209054746927857,0.1735478092160538,0.5431270870456211
0.07140973683061014,0.1731557150629531,0.48636026133339844
0.06654468116702272,0.17484840313800434,0.457310439485016
0.07723892421832201,0.17462348733261956,0.5157003674372136
0.08974055924073543,0.17443058792644756,0.582071548580799
0.07579528667818769,0.17002214170940022,0.5159541905300657
0.08628844491354082,0.17383416937826154,0.5649451570014953
0.07350428279066956,0.16939181204814205,0.5052509660702678
0.08222744506968338,0.17430492470438635,0.5426894851535412
0.06875096845009043,0.17524882169803946,0.46924498211760607
0.06946381774804733,0.17129116553480586,0.4800146274364398
0.07568325552069477,0.1747256065441148,0.507081898483213
0.06682600576883191,0.1757484402406915,0.45808451799108246
0.07952444774696188,0.1696320456127677,0.5371846261132429
0.0770125961194299,0.17159469444921724,0.5195123128038246
0.06513537691959281,0.1708647991319346,0.45643601174920256
0.0721341738566037,0.1714425381017279,0.4931112512033263
0.06037972120091828,0.17670974994277353,0.4222120767891268
0.08772177578634177,0.1702964319450551,0.5807012657995401
0.07832784549031357,0.17383075133531745,0.5217899219974611
0.058742253339664874,0.1768429762382417,0.4133091616633211
0.07467039273003606,0.16819988523450258,0.5140672969006194
0.0695993740910883,0.1759960290366542,0.4721842143084075
0.07625356280130546,0.17400997275300145,0.511038795910833
0.07924444627377647,0.17195976483541883,0.5309262977326087
0.08293526131908568,0.1731325800474597,0.5482546087152589
0.06010487457042135,0.17422349653056385,0.42380545669770475
0.06497312405566014,0.17445167305659656,0.44909484865975086
0.07257591296774901,0.17466898211920798,0.4905263685864788
0.06814302820813745,0.1718251621748618,0.47118402535405374
0.08201575966203434,0.17144400317509434,0.5475913835693089
0.07766466600035282,0.17107320753042307,0.5246538270053159
0.07742796290673826,0.1791911977688211,0.5072775179724027
0.07643989091158487,0.17694711102846353,0.5061005956031912
0.07598900208222514,0.18142598022390827,0.4960530647270806
0.08245130006621704,0.1729190538009117,0.5459616920369157
0.08207302107914649,0.1711103412786695,0.5478139382064732
0.07678858521599308,0.17047312196594167,0.5212682860074721
0.06115579515564806,0.16865991350215914,0.4373422205086919
0.07735926234528434,0.17445161946465979,0.5160361613094029
0.06435432494468785,0.17348684066674466,0.4482491825738578
0.06951102960630662,0.16876129630160625,0.484125676985092
0.06613289363443964,0.16952899653178843,0.46361557238784534
0.07588064031791242,0.17010040389196984,0.5164624351702128
0.07076235157974775,0.17293303186774758,0.48291398027972693
0.07847580221259909,0.16802346879579208,0.5350470619481975
0.07101821503164074,0.17186732978260202,0.48632213870169233
0.0750807194350187,0.17499910291327336,0.502847079090875
0.06848985377919448,0.17535097901893637,0.4668463783212644
0.06979591387964956,0.17128793995353092,0.48195780802438754
0.09253273592512845,0.17213527093988082,0.6020874280157954
0.06752068424696511,0.17003954029944776,0.47062408223921004
0.07789338465363138,0.1749037448082412,0.5179336642658644
0.07019899161603016,0.16914896317552983,0.4873553582377759
0.08694959112143708,0.17228766211669827,0.5720968760755158
0.07524876264887692,0.1706594832135567,0.5125150518843674
0.06964850943515821,0.17292982882603172,0.4777357142237303
0.07416749925855393,0.1782583472203649,0.4920800792757834
0.07635037632375274,0.17467141123085797,0.5098335029453333
0.0708875935811859,0.18030076161478117,0.471195776723116
0.08073819470156307,0.1720839020023452,0.5391617033706734
0.0786311013378731,0.17579740902371027,0.5194558711102654
0.07918656548928094,0.17079133873038246,0.5337828387592861
0.0695470442065329,0.17483314937653566,0.47310831556738275
0.08135773384054734,0.17570094140796,0.535579870645628
0.07708125319085046,0.1734491650972383,0.5173715347661029
0.07585939295558952,0.17525643246676387,0.5064881068100036
0.07333094335116508,0.1764680551127046,0.4916085512071381
0.05893050393477184,0.17627504888352954,0.4151300010792038
0.07716846032694158,0.17044517382303334,0.5233139311138538
0.06829867393866107,0.17202634639477532,0.47158183101458984
0.0724645153846113,0.17233542324119708,0.49326736108881997
0.08618912195233053,0.17252772323911342,0.5668282646047099
0.0808261166074209,0.17242811600414307,0.5388404431702505
0.05149384750686248,0.17303523761505876,0.3782171949427185
0.08155954301759616,0.1734440257230804,0.5406730082000583
0.06967280290076872,0.16936336261648918,0.48368251237757764
0.06959435438986428,0.17032660392028223,0.4813012195218888
0.09016782211006169,0.17260637291632844,0.5893150788127023
0.08141226066294416,0.17221420031327206,0.5420473408756772
0.06668387003781362,0.1749711317823503,0.45809662335994317
0.07606281116010627,0.16941299494670073,0.5191402542622354
0.06389080607823772,0.1739292078723268,0.4451596463152541
0.07966376714229395,0.1694833164294942,0.5387449221853808
0.0722294514379529,0.170231096252879,0.49618714418346693
0.07834753509700887,0.1722318290550716,0.5254755317037603
0.07418916311673929,0.1677901018773332,0.511857448980615
0.08187082135885193,0.17319154714066565,0.5424317179218571
0.07805077433010377,0.17565747670492896,0.517590212505729
0.08393902835210709,0.1731183313461703,0.5544500253253216
0.08886128740826726,0.17041778019033374,0.5866061571454558
0.0879274556087053,0.17120583102363393,0.5801516542246878
0.06645227165813017,0.17402651524370175,0.4580470166527826
0.07443932782699059,0.173925901271763,0.5014866009386951
0.07611288530958826,0.1767041876272202,0.5054444683566659
0.07658811318981185,0.17612249965556384,0.5086297751998629
0.06380662491941003,0.1736846921354092,0.4438790165100385
0.07288910001089643,0.16892989985518642,0.5029909467874486
0.0645783854372981,0.1720930716397228,0.4510015877315006
0.06679307972968673,0.1743650309793089,0.46038283267171426
0.0798324643902657,0.17134234973022314,0.5358795744757981
0.07574894521986986,0.17353917290381426,0.5091790320717865
0.07070588384534382,0.1714638712260963,0.486065423705614
0.07139820503873318,0.1753746179531732,0.4827778311902838
0.06724601651937423,0.17449185659784486,0.461853964828611
0.07053463019672979,0.16802131793444547,0.4912283826252655
0.07512611853320883,0.17137309547720622,0.5097932455206192
0.0847442994610148,0.17237801002107817,0.5600201913973643
0.06332163862485563,0.17240783902616363,0.44331788985985976
0.07691963685129766,0.17549142182267488,0.5115809548692022
0.08652059164948356,0.17292992247479125,0.5683016109997588
0.07194492302484279,0.16953205165987772,0.4966408289507988
0.07413940895194737,0.16803443408074678,0.5108437414564195
0.08626501989105173,0.17142735905685094,0.5700711614267928
0.07392293857401677,0.17322283571281546,0.4997732248115128
0.07039526432323173,0.1691655522226206,0.4882426684478842
0.05605340454208885,0.17217862160427663,0.40354220053317635
0.07142489470581981,0.17699946374461964,0.4811232259619685
0.07258727788250363,0.16895892558620382,0.5009736438811783
0.08074900739048085,0.175475679849886,0.5332679947356672
0.07645922089622781,0.17358553465870505,0.5131104581149751
0.07887712141203096,0.17141921161488904,0.530543230488118
0.07008520095382464,0.1752920930252278,0.4754292521322565
0.08031631960588825,0.17060363504329104,0.5394365942333756
0.07240355508191687,0.17312594334164513,0.49267687652324776
0.07018562756129221,0.17428571885710883,0.47802022170905223
0.08445021212426473,0.1652323317814741,0.5752928082599433
0.0766080857514555,0.17667265242746402,0.507636232579569
0.07301432102985261,0.1718131697485564,0.49766308601835824
0.06365774099755028,0.16990888004470622,0.44919021743755716
0.06763651457313347,0.17030376552936474,0.47129675475196176
0.06591369503161393,0.17020705760988403,0.46142442072968054
0.07121938830007957,0.1725234230375569,0.4865479825389255
0.06401300087169526,0.1707174544324422,0.4499840963754165
0.07624106653700746,0.17113986542068269,0.5168055027147361
0.07987352845359763,0.17915899788688025,0.5196224190071946
0.07169994772116994,0.17234218987491273,0.4895273536180909
0.06403962240489824,0.18013575365968443,0.435346475841972
0.08319502568020343,0.1691397554662881,0.5586132369955479
0.06533159185681892,0.1764200749758969,0.44940552532122513
0.07527986023574629,0.1675537249729843,0.5180997387319999
0.07261463231684107,0.16858538372629395,0.5020146126798635
0.06432164142017327,0.1740701690622846,0.4466734559376052
0.07318332745629608,0.17440647881844176,0.49347590474853725
0.06125264072646375,0.1670005184171514,0.4409642407805563
0.08709509118596226,0.16672383792972173,0.5861707290195808
0.07692185313417887,0.17531308412112045,0.5119083328033459
0.07389334678203974,0.16673381940815613,0.5122442772863872
0.09153343299866679,0.17242559284877654,0.5960278924053339
0.07608971684148003,0.17300618371887405,0.5115665031580946
0.0684958591740763,0.17115085253963133,0.47361722659618427
0.06491805676601259,0.17414028172550453,0.44941369458820885
0.08142170923618974,0.17258392464914984,0.5414246778461758
