date,index_members,priced_members,missing,coverage
1999-01-29,491,221,270,0.45010183299389
1999-02-26,491,221,270,0.45010183299389
1999-03-31,491,222,269,0.45213849287169044
1999-04-30,490,222,268,0.4530612244897959
1999-05-28,490,224,266,0.45714285714285713
1999-06-30,491,227,264,0.4623217922606925
1999-07-30,491,229,262,0.4663951120162933
1999-08-31,491,229,262,0.4663951120162933
1999-09-30,491,229,262,0.4663951120162933
1999-10-29,491,231,260,0.47046843177189407
1999-11-30,490,232,258,0.47346938775510206
1999-12-31,492,232,260,0.4715447154471545
2000-01-31,492,233,259,0.4735772357723577
2000-02-29,492,233,259,0.4735772357723577
2000-03-31,492,232,260,0.4715447154471545
2000-04-28,492,232,260,0.4715447154471545
2000-05-31,493,232,261,0.47058823529411764
2000-06-30,492,233,259,0.4735772357723577
2000-07-31,492,234,258,0.47560975609756095
2000-08-31,492,235,257,0.47764227642276424
2000-09-29,492,235,257,0.47764227642276424
2000-10-31,492,237,255,0.4817073170731707
2000-11-30,492,241,251,0.4898373983739837
2000-12-29,492,242,250,0.491869918699187
2001-01-31,494,243,251,0.49190283400809715
2001-02-28,495,243,252,0.4909090909090909
2001-03-30,495,244,251,0.49292929292929294
2001-04-30,495,246,249,0.49696969696969695
2001-05-31,495,246,249,0.49696969696969695
2001-06-29,495,248,247,0.501010101010101
2001-07-31,495,248,247,0.501010101010101
2001-08-31,495,247,248,0.498989898989899
2001-09-28,496,247,249,0.49798387096774194
2001-10-31,496,247,249,0.49798387096774194
2001-11-30,496,248,248,0.5
2001-12-31,496,250,246,0.5040322580645161
2002-01-31,495,250,245,0.5050505050505051
2002-02-28,495,250,245,0.5050505050505051
2002-03-28,495,250,245,0.5050505050505051
2002-04-30,495,250,245,0.5050505050505051
2002-05-31,495,252,243,0.509090909090909
2002-06-28,495,253,242,0.5111111111111111
2002-07-31,495,258,237,0.5212121212121212
2002-08-30,494,258,236,0.5222672064777328
2002-09-30,494,258,236,0.5222672064777328
2002-10-31,494,259,235,0.5242914979757085
2002-11-29,494,259,235,0.5242914979757085
2002-12-31,494,261,233,0.52834008097166
2003-01-31,494,261,233,0.52834008097166
2003-02-28,494,262,232,0.5303643724696356
2003-03-31,494,263,231,0.5323886639676113
2003-04-30,494,263,231,0.5323886639676113
2003-05-30,494,264,230,0.5344129554655871
2003-06-30,494,264,230,0.5344129554655871
2003-07-31,494,265,229,0.5364372469635628
2003-08-29,494,265,229,0.5364372469635628
2003-09-30,494,265,229,0.5364372469635628
2003-10-31,494,265,229,0.5364372469635628
2003-11-28,494,266,228,0.5384615384615384
2003-12-31,494,266,228,0.5384615384615384
2004-01-30,494,266,228,0.5384615384615384
2004-02-27,494,267,227,0.5404858299595142
2004-03-31,494,267,227,0.5404858299595142
2004-04-30,495,268,227,0.5414141414141415
2004-05-28,495,268,227,0.5414141414141415
2004-06-30,495,268,227,0.5414141414141415
2004-07-30,495,269,226,0.5434343434343434
2004-08-31,495,269,226,0.5434343434343434
2004-09-30,495,270,225,0.5454545454545454
2004-10-29,495,270,225,0.5454545454545454
2004-11-30,495,271,224,0.5474747474747474
2004-12-31,495,269,226,0.5434343434343434
2005-01-31,495,269,226,0.5434343434343434
2005-02-28,495,269,226,0.5434343434343434
2005-03-31,496,270,226,0.5443548387096774
2005-04-29,496,270,226,0.5443548387096774
2005-05-31,496,270,226,0.5443548387096774
2005-06-30,496,270,226,0.5443548387096774
2005-07-29,496,272,224,0.5483870967741935
2005-08-31,496,276,220,0.5564516129032258
2005-09-30,496,276,220,0.5564516129032258
2005-10-31,496,277,219,0.5584677419354839
2005-11-30,497,278,219,0.5593561368209256
2005-12-30,497,280,217,0.5633802816901409
2006-01-31,497,281,216,0.5653923541247485
2006-02-28,497,282,215,0.5674044265593562
2006-03-31,497,282,215,0.5674044265593562
2006-04-28,497,285,212,0.5734406438631791
2006-05-31,497,285,212,0.5734406438631791
2006-06-30,497,286,211,0.5754527162977867
2006-07-31,497,286,211,0.5754527162977867
2006-08-31,497,285,212,0.5734406438631791
2006-09-29,497,286,211,0.5754527162977867
2006-10-31,497,286,211,0.5754527162977867
2006-11-30,497,288,209,0.579476861167002
2006-12-29,497,289,208,0.5814889336016097
2007-01-31,497,289,208,0.5814889336016097
2007-02-28,497,290,207,0.5835010060362174
2007-03-30,497,293,204,0.5895372233400402
2007-04-30,497,295,202,0.5935613682092555
2007-05-31,497,295,202,0.5935613682092555
2007-06-29,497,295,202,0.5935613682092555
2007-07-31,497,295,202,0.5935613682092555
2007-08-31,497,296,201,0.5955734406438632
2007-09-28,497,299,198,0.6016096579476862
2007-10-31,497,302,195,0.607645875251509
2007-11-30,497,304,193,0.6116700201207244
2007-12-31,497,308,189,0.6197183098591549
2008-01-31,497,308,189,0.6197183098591549
2008-02-29,497,308,189,0.6197183098591549
2008-03-31,497,308,189,0.6197183098591549
2008-04-30,497,308,189,0.6197183098591549
2008-05-30,497,308,189,0.6197183098591549
2008-06-30,497,308,189,0.6197183098591549
2008-07-31,498,308,190,0.6184738955823293
2008-08-29,498,310,188,0.6224899598393574
2008-09-30,497,311,186,0.6257545271629779
2008-10-31,498,312,186,0.6265060240963856
2008-11-28,498,312,186,0.6265060240963856
2008-12-31,498,313,185,0.6285140562248996
2009-01-30,498,317,181,0.6365461847389559
2009-02-27,498,317,181,0.6365461847389559
2009-03-31,499,322,177,0.6452905811623246
2009-04-30,499,322,177,0.6452905811623246
2009-05-29,499,324,175,0.6492985971943888
2009-06-30,499,325,174,0.6513026052104208
2009-07-31,499,327,172,0.655310621242485
2009-08-31,499,328,171,0.657314629258517
2009-09-30,499,327,172,0.655310621242485
2009-10-30,499,328,171,0.657314629258517
2009-11-30,499,329,170,0.6593186372745491
2009-12-31,499,330,169,0.6613226452905812
2010-01-29,499,331,168,0.6633266533066132
2010-02-26,498,332,166,0.6666666666666666
2010-03-31,499,334,165,0.6693386773547094
2010-04-30,499,334,165,0.6693386773547094
2010-05-28,499,334,165,0.6693386773547094
2010-06-30,499,335,164,0.6713426853707415
2010-07-30,498,335,163,0.6726907630522089
2010-08-31,497,335,162,0.6740442655935613
2010-09-30,497,335,162,0.6740442655935613
2010-10-29,497,335,162,0.6740442655935613
2010-11-30,497,335,162,0.6740442655935613
2010-12-31,497,335,162,0.6740442655935613
2011-01-31,497,335,162,0.6740442655935613
2011-02-28,497,335,162,0.6740442655935613
2011-03-31,497,335,162,0.6740442655935613
2011-04-29,497,337,160,0.6780684104627767
2011-05-31,497,337,160,0.6780684104627767
2011-06-30,497,337,160,0.6780684104627767
2011-07-29,497,338,159,0.6800804828973843
2011-08-31,497,338,159,0.6800804828973843
2011-09-30,497,339,158,0.682092555331992
2011-10-31,497,340,157,0.6841046277665996
2011-11-30,497,339,158,0.682092555331992
2011-12-30,497,342,155,0.6881287726358148
2012-01-31,497,341,156,0.6861167002012073
2012-02-29,497,341,156,0.6861167002012073
2012-03-30,497,342,155,0.6881287726358148
2012-04-30,497,343,154,0.6901408450704225
2012-05-31,497,342,155,0.6881287726358148
2012-06-29,497,345,152,0.6941649899396378
2012-07-31,497,346,151,0.6961770623742455
2012-08-31,497,346,151,0.6961770623742455
2012-09-28,497,347,150,0.6981891348088531
2012-10-31,497,349,148,0.7022132796780685
2012-11-30,497,349,148,0.7022132796780685
2012-12-31,497,353,144,0.710261569416499
2013-01-31,497,353,144,0.710261569416499
2013-02-28,497,354,143,0.7122736418511066
2013-03-28,497,354,143,0.7122736418511066
2013-04-30,497,355,142,0.7142857142857143
2013-05-31,497,356,141,0.716297786720322
2013-06-28,497,356,141,0.716297786720322
2013-07-31,497,356,141,0.716297786720322
2013-08-30,497,357,140,0.7183098591549296
2013-09-30,497,358,139,0.7203219315895373
2013-10-31,497,359,138,0.7223340040241448
2013-11-29,497,359,138,0.7223340040241448
2013-12-31,497,358,139,0.7203219315895373
2014-01-31,497,360,137,0.7243460764587525
2014-02-28,497,360,137,0.7243460764587525
2014-03-31,497,360,137,0.7243460764587525
2014-04-30,498,361,137,0.7248995983935743
2014-05-30,498,362,136,0.7269076305220884
2014-06-30,498,363,135,0.7289156626506024
2014-07-31,498,365,133,0.7329317269076305
2014-08-29,499,365,134,0.7314629258517034
2014-09-30,499,366,133,0.7334669338677354
2014-10-31,499,366,133,0.7334669338677354
2014-11-28,499,366,133,0.7334669338677354
2014-12-31,499,366,133,0.7334669338677354
2015-01-30,499,367,132,0.7354709418837675
2015-02-27,499,367,132,0.7354709418837675
2015-03-31,500,371,129,0.742
2015-04-30,500,373,127,0.746
2015-05-29,500,373,127,0.746
2015-06-30,499,373,126,0.7474949899799599
2015-07-31,500,375,125,0.75
2015-08-31,500,375,125,0.75
2015-09-30,503,377,126,0.7495029821073559
2015-10-30,503,378,125,0.7514910536779325
2015-11-30,504,379,125,0.751984126984127
2015-12-31,502,380,122,0.7569721115537849
2016-01-29,505,382,123,0.7564356435643564
2016-02-29,505,384,121,0.7603960396039604
2016-03-31,505,387,118,0.7663366336633664
2016-04-29,506,387,119,0.7648221343873518
2016-05-31,505,391,114,0.7742574257425743
2016-06-30,505,392,113,0.7762376237623763
2016-07-29,505,397,108,0.7861386138613862
2016-08-31,505,397,108,0.7861386138613862
2016-09-30,506,399,107,0.7885375494071146
2016-10-31,506,401,105,0.7924901185770751
2016-11-30,506,402,104,0.7944664031620553
2016-12-30,506,403,103,0.7964426877470355
2017-01-31,506,404,102,0.7984189723320159
2017-02-28,506,405,101,0.8003952569169961
2017-03-31,506,409,97,0.808300395256917
2017-04-28,506,411,95,0.8122529644268774
2017-05-31,506,411,95,0.8122529644268774
2017-06-30,506,411,95,0.8122529644268774
2017-07-31,506,413,93,0.8162055335968379
2017-08-31,506,413,93,0.8162055335968379
2017-09-29,506,414,92,0.8181818181818182
2017-10-31,506,415,91,0.8201581027667985
2017-11-30,506,415,91,0.8201581027667985
2017-12-29,505,415,90,0.8217821782178217
2018-01-31,506,416,90,0.8221343873517787
2018-02-28,506,416,90,0.8221343873517787
2018-03-29,506,418,88,0.8260869565217391
2018-04-30,506,418,88,0.8260869565217391
2018-05-31,506,419,87,0.8280632411067194
2018-06-29,506,417,89,0.8241106719367589
2018-07-31,506,418,88,0.8260869565217391
2018-08-31,506,419,87,0.8280632411067194
2018-09-28,505,419,86,0.8297029702970297
2018-10-31,504,419,85,0.8313492063492064
2018-11-30,503,419,84,0.8330019880715706
2018-12-31,505,422,83,0.8356435643564356
2019-01-31,505,421,84,0.8336633663366336
2019-02-28,505,422,83,0.8356435643564356
2019-03-29,505,422,83,0.8356435643564356
2019-04-30,505,421,84,0.8336633663366336
2019-05-31,505,421,84,0.8336633663366336
2019-06-28,505,422,83,0.8356435643564356
2019-07-31,505,424,81,0.8396039603960396
2019-08-30,505,427,78,0.8455445544554455
2019-09-30,505,428,77,0.8475247524752475
2019-10-31,505,429,76,0.8495049504950495
2019-11-29,505,430,75,0.8514851485148515
2019-12-31,505,433,72,0.8574257425742574
2020-01-31,505,434,71,0.8594059405940594
2020-02-28,505,434,71,0.8594059405940594
2020-03-31,505,438,67,0.8673267326732673
2020-04-30,505,439,66,0.8693069306930693
2020-05-29,505,441,64,0.8732673267326733
2020-06-30,505,443,62,0.8772277227722772
2020-07-31,505,443,62,0.8772277227722772
2020-08-31,505,443,62,0.8772277227722772
2020-09-30,505,443,62,0.8772277227722772
2020-10-30,505,444,61,0.8792079207920792
2020-11-30,505,445,60,0.8811881188118812
2020-12-31,505,445,60,0.8811881188118812
2021-01-29,505,447,58,0.8851485148514852
2021-02-26,505,447,58,0.8851485148514852
2021-03-31,505,450,55,0.8910891089108911
2021-04-30,505,451,54,0.8930693069306931
2021-05-28,505,452,53,0.8950495049504951
2021-06-30,505,452,53,0.8950495049504951
2021-07-30,505,453,52,0.897029702970297
2021-08-31,505,455,50,0.900990099009901
2021-09-30,505,454,51,0.899009900990099
2021-10-29,505,454,51,0.899009900990099
2021-11-30,505,454,51,0.899009900990099
2021-12-31,505,455,50,0.900990099009901
2022-01-31,505,456,49,0.902970297029703
2022-02-28,505,458,47,0.906930693069307
2022-03-31,505,459,46,0.9089108910891089
2022-04-29,504,461,43,0.9146825396825397
2022-05-31,504,463,41,0.9186507936507936
2022-06-30,503,465,38,0.9244532803180915
2022-07-29,503,465,38,0.9244532803180915
2022-08-31,503,465,38,0.9244532803180915
2022-09-30,503,465,38,0.9244532803180915
2022-10-31,503,468,35,0.9304174950298211
2022-11-30,503,470,33,0.9343936381709742
2022-12-30,503,472,31,0.9383697813121272
2023-01-31,503,472,31,0.9383697813121272
2023-02-28,503,472,31,0.9383697813121272
2023-03-31,503,474,29,0.9423459244532804
2023-04-28,503,474,29,0.9423459244532804
2023-05-31,503,476,27,0.9463220675944334
2023-06-30,503,476,27,0.9463220675944334
2023-07-31,503,477,26,0.94831013916501
2023-08-31,503,477,26,0.94831013916501
2023-09-29,503,477,26,0.94831013916501
2023-10-31,503,477,26,0.94831013916501
2023-11-30,503,477,26,0.94831013916501
2023-12-29,503,479,24,0.952286282306163
2024-01-31,503,479,24,0.952286282306163
2024-02-29,503,479,24,0.952286282306163
2024-03-28,503,481,22,0.9562624254473161
2024-04-30,503,479,24,0.952286282306163
2024-05-31,503,481,22,0.9562624254473161
2024-06-28,503,482,21,0.9582504970178927
2024-07-31,503,483,20,0.9602385685884692
2024-08-30,503,483,20,0.9602385685884692
2024-09-30,504,483,21,0.9583333333333334
2024-10-31,503,483,20,0.9602385685884692
2024-11-29,503,484,19,0.9622266401590457
2024-12-31,503,486,17,0.9662027833001988
2025-01-31,503,486,17,0.9662027833001988
2025-02-28,503,486,17,0.9662027833001988
2025-03-31,503,488,15,0.9701789264413518
2025-04-30,503,488,15,0.9701789264413518
2025-05-30,503,489,14,0.9721669980119284
2025-06-30,503,489,14,0.9721669980119284
2025-07-31,503,492,11,0.9781312127236581
2025-08-29,503,493,10,0.9801192842942346
2025-09-30,503,493,10,0.9801192842942346
2025-10-31,503,492,11,0.9781312127236581
2025-11-28,503,492,11,0.9781312127236581
2025-12-31,503,494,9,0.9821073558648111
2026-01-30,503,495,8,0.9840954274353877
2026-02-27,503,497,6,0.9880715705765407
2026-03-31,503,496,7,0.9860834990059643
2026-04-30,503,497,6,0.9880715705765407
2026-05-29,503,499,4,0.9920477137176938
2026-06-29,504,499,5,0.9900793650793651
